{"training_loss_last_epoch": 0.0009114517348020204, "test_loss_last_epoch": 0.002020789252128452}