{"training_loss_last_epoch": 0.0008793662418611348, "test_loss": 0.0008527391255483963}