{"training_loss_last_epoch": 0.0006919878942426294, "test_loss": 0.0007358245165960398}