{"training_loss_last_epoch": 0.0009118080322098519, "test_loss_last_epoch": 0.0007433547580149025}